source_index,text,true_labels,predicted_labels,missed_labels,extra_labels,false_negative_count,false_positive_count
4,"Yesterday, I really felt the importance of my health. I went on a bit longer hike than usual and was very happy that I could do so. It really made me appreciate my health. With all the news of people dying and the tragedy of the Utah family murder in Mexico, it really made me aware of the importance of my own health and well being.",happy,"calm, excited, happy, proud, satisfied",,"calm, excited, proud, satisfied",0,4
14,"Yesterday was a very productive day at work for me. I finished all of my work for my real-world job very quickly, and was able to also make over $100 on Mechanical Turk, which will help tremendously with getting out from under some past due bills currently weighing on me.","excited, happy, proud","calm, frustrated, happy, proud, satisfied",excited,"calm, frustrated, satisfied",1,3
17,"Yesterday was a bad day for diverticular disease, I couldn't eat, and I was in a lot of pain. Still, I was able to function through it, and I know that if I'm patient the pain will go away eventually. I just wish there was a more permanent solution.","angry, frustrated, sad","anxious, excited, frustrated, happy, proud, satisfied","angry, sad","anxious, excited, happy, proud, satisfied",2,5
19,Yesterday my wife and I found out that our infertility treatment will be covered by insurance.,happy,"confused, excited, frustrated, happy, proud, satisfied, surprised",,"confused, excited, frustrated, proud, satisfied, surprised",0,6
26,"Yesterday I went to exercise at the gym. I did weight lifting, mainly worked out on bench press. I felt satisfied because I was able to PR on a set.","happy, satisfied","excited, proud, satisfied",happy,"excited, proud",1,2
28,Yesterday I went for a walk with a friend. About a mile into our walk it starting pouring down rain. We were soaked before we made it back to the car.,frustrated,"excited, happy, satisfied",frustrated,"excited, happy, satisfied",1,3
35,"Yesterday I had to go to the dentist and was worried about my oral health. You see, 3 months ago, when I went for my teeth cleaning, the checkup was not so good so I was worried it might be even worse, so I was anxious heading into the appoointment.",anxious,"anxious, frustrated",,frustrated,0,1
36,"Yesterday I did some research about getting my calendars printed out-- what they will cost, different methods. I think this project is really going to be doable.","excited, happy, proud","anxious, excited, frustrated, happy, proud, satisfied",,"anxious, frustrated, satisfied",0,3
37,Yesterday I completed 16 surveys. I was satisfied with work.,satisfied,"excited, proud, satisfied",,"excited, proud",0,2
38,Yesterday despite feeling sluggish,"happy, proud, satisfied",satisfied,"happy, proud",,2,0
40,Working being able to use my skills and knowledge for the benefit and growth of our company.,proud,"calm, happy, proud, satisfied",,"calm, happy, satisfied",0,3
46,"Work is probably the most important and salient thing I do. It's not very exciting and can be very frustrating, but it provides me with an income to pursue other things I care about more. However, since it was just a Wednesday, I didn't really have anything else going on.","bored, frustrated","anxious, bored, calm, excited, frustrated, happy",,"anxious, calm, excited, happy",0,4
50,"What was most salient about my day yesterday, was spending quality time with my children. Together, we raked the leaves outside in the yard and shared laughter and joy.",satisfied,"calm, happy, proud, satisfied",,"calm, happy, proud",0,3
53,we had such a good time it was nice and felt very nice he was very loving,happy,"calm, excited, happy, proud, satisfied",,"calm, excited, proud, satisfied",0,4
73,Today I had a good and easy day. Everything in the department was taken care of and no new issues came up.,"calm, proud","calm, happy, proud",,happy,0,1
75,"Today at work I had the chance to catalog a $40k book which was a prized possession of my boss. It was just about falling apart but I was able to flip through, translate some German and get it up online for sale. My boss was pleased.",proud,"calm, excited, frustrated, proud, satisfied",,"calm, excited, frustrated, satisfied",0,4
87,"The most salient thing about my day yesterday was recreation, or maybe I should say, the lack thereof. I was so distracted and bored yesterday, I couldn't find anything to keep myself occupied with all day long. I was antsy most of the day and it was entirely frustrating. I tried to talk to a few friends about it, maybe make some plans to do something, but they were all otherwise engaged for the day, which made it even more frustrating. I really need to calm my mind so I can focus on something, get immersed in it. That'll help the anxiety and the boredom.","anxious, bored, frustrated","anxious, bored, calm, frustrated, happy",,"calm, happy",0,2
89,The most important thing in my life is always God or my salvation. It makes me feel calm or at peace knowing no matter what life throws at me he is on the throne fighting my battles for me and I am going to be okay,calm,"calm, happy",,happy,0,1
91,The kids had a half day at school and went for a hang out at different friend's homes.  I picked them up after work and both friends are from affluent families - we are not and the process of entering large mansions and speaking with the other parents makes me a bit anxious.,anxious,"calm, excited, happy, proud, satisfied",anxious,"calm, excited, happy, proud, satisfied",1,5
93,the food I made was good and made me happy and enjoy my day,"excited, happy, proud","calm, excited, happy, satisfied",proud,"calm, satisfied",1,2
95,The answers in the Bible are God speaking to me which gives me directioncomfort joyhappinesspeace goodnessgentlenessmeeknesstemperance,excited,"calm, proud, satisfied",excited,"calm, proud, satisfied",1,3
112,my work is important and noticeable but extremely boring.   I would like a different job but it does pay the bills and gives me less headaches than other jobs.,"bored, calm, disgusted","bored, calm, frustrated, proud, satisfied",disgusted,"frustrated, proud, satisfied",1,3
116,My wife and I made a pot of chili with venison spicy sausage. It was the perfect meal for a crisp evening. Some of the best chili I ever had.,happy,"calm, happy, proud, satisfied",,"calm, proud, satisfied",0,3
130,My love life is the best thing that I have going for me in my day to day as i work on my goals. I think I found someone special.,"calm, excited, happy","calm, excited, happy, proud, satisfied",,"proud, satisfied",0,2
131,My husband bought me flowers yesterday for no reason. It was so sweet of him and made me so happy!,"calm, satisfied","calm, excited, happy, proud, satisfied",,"excited, happy, proud",0,3
132,My husband and I continued playing through Horizon Zero Dawn together. The game is turning out to be really great. It's long so it's a little annoying when he's ready to play and I'm not yet but overall it's a really fun activity that we're doing and appreciating together. It gives me many warm fuzzy feelings that I can share an appreciation for art and story with him like that.,"calm, happy, satisfied","calm, excited, happy, satisfied",,excited,0,1
133,My grandson was born two months before his due date. I got the chance to hold him for the first time yesterday. What a wonderful feeling!,happy,"calm, excited, happy, proud, satisfied",,"calm, excited, proud, satisfied",0,4
134,"My furnace doesn't work. It might cost around $1,500 to replace it, because it is old. I am working my behind off on Amazon Mechanical Turk and eBay to earn the money.","anxious, frustrated, sad","calm, frustrated, satisfied","anxious, sad","calm, satisfied",2,2
144,My family is crazy I have a aunt that never stops I told her yesterday that am done dealing with this am done frighting with everyone over this I cant' make other people do what she wants or what is right and then my sister one is the cause of all our problems the other just cares about herself and friends but then she gose crazy if anyone say anything about the problems thst my other sister caused,"angry, disgusted, frustrated, sad","frustrated, happy, proud, satisfied","angry, disgusted, sad","happy, proud, satisfied",3,3
146,"My family gives me purpose and helps me diffuse from the stresses of work and the world. My children, their joy, innocence, and silliness all bring me joy.","happy, satisfied","calm, happy, proud, satisfied",,"calm, proud",0,2
150,My day was more productive than I feared it might not be. I reached my goal and surpassed it leaving me happy and fulfilled.,"happy, proud, satisfied","excited, happy, proud, satisfied",,excited,0,1
151,My day was good because my only son received three awards for academics and character. I was very proud of him.,"happy, proud","happy, proud",,,0,0
152,"My daughter was going through old photos at her house, and posted and texted some of the pictures to me. They brought back a lot of happy memories and some that made me feel very nostalgic and even a bit melancholy. It is so easy to remember those times with great fondness, but hard a bit when I look back and didn't realize how carefree those days were, compared to what they are now. I miss my kids when they were little and growing up and discovering new things and interests.","calm, happy, nostalgic","excited, happy, nostalgic, proud, satisfied",calm,"excited, proud, satisfied",1,3
153,"My daughter is a figure skater. She was practing yesterday afternoon at the rink running through her program  One of the moms of another skater came over to me and lavished praise on how beautiful and well done my daughters program is. This came from a mom of a girl similar to daughter in age, it meant alot to me.",proud,"happy, nostalgic, proud, satisfied",,"happy, nostalgic, satisfied",0,3
159,My blood analyses resulted very good for my age.,calm,"calm, happy, proud, satisfied",,"happy, proud, satisfied",0,3
160,My adult daughter called me with a personal problem yesterday and ask for (and hoped for) my help. It was a bit difficult but I was able to help her and she was very grateful. I'm proud that I adult children respect me and know they can come to me for anything and it makes me very happy to help them.,proud,"excited, happy, proud, satisfied",,"excited, happy, satisfied",0,3
167,it was really good.  i got such a buzz off from the endorphines!,"excited, happy","calm, excited, happy, proud, satisfied, surprised",,"calm, proud, satisfied, surprised",0,4
172,It was a good day worked out felt more energized and had a good overall workout,happy,"calm, excited, happy, proud, satisfied",,"calm, excited, proud, satisfied",0,4
181,"So yesterday, I spent most of my working time testing and debugging the new code I wrote to automatically log a user back in when they time out, AND run whatever command they were trying to run when the program realized they'd timed out. The login part works great! And the running the command part works too - as long as there's only ONE command. If a single action, like a click, triggers TWO commands - like for instance, if clicking anywhere in a widget selects it, and clicking a button within it also contacts the DB - then only the first one runs and I CAN'T FIGURE OUT WHY. I can't debug it because every time I pause the code to step through it, the behavior changes! I suppose that in itself helps me narrow it down some - it must be a timing issue in some way - but I'm really stumped. I'll work on it some more today, I guess. I hate bugs I can't trace well, I feel like I don't have a good handle on how to find them. I mostly just stare at the code until inspiration strikes.","confused, frustrated, proud","anxious, confused, excited, frustrated, happy, proud, satisfied, surprised",,"anxious, excited, happy, satisfied, surprised",0,5
185,I'm glad to be back home daily to a loving husband who doesn't make me angry.  My coworker today complain how her husband like and that always make me feel glad that I have one that is wonderful.,"calm, happy, satisfied","calm, excited, happy, proud, satisfied",,"excited, proud",0,2
189,I worked out which is really important to me. I have been working on my health lately.,"excited, happy, proud","calm, excited, happy, proud, satisfied",,"calm, satisfied",0,2
190,I worked out in the morning and the afternoon even when I did not feel like it. once I started I felt better.,"happy, proud","calm, proud, satisfied",happy,"calm, satisfied",1,2
195,I worked all day yesterday so it was one of few things I did yesterday but I do not consider this job one of the most important jobs I've had overall. It is important to me in that it is how I support myself. I still try my hardest and am conscientious at work.,satisfied,"frustrated, proud, satisfied",,"frustrated, proud",0,2
201,"I woke up early and exercised in the morning yesterday. I've been trying to make it a habit, so I was proud of myself for keeping it up. I was also very energized after I finished exercising! I think I'll be able to keep up exercising every morning, it was pretty fun and it'll be good for me in the long run.","excited, happy, proud","anxious, excited, proud",happy,anxious,1,1
205,I went to my parents house and my sister was also there with her daughters. It was a lot of fun to get to play with the kids and see my family.,"excited, happy","excited, happy, nostalgic, proud, satisfied",,"nostalgic, proud, satisfied",0,3
214,I went for a walk today. Our neighbor was walking Breslin and Breslin started up my driveway when he saw me. Breslin is a dog I have had to ask the owner to keep out of our yard previously but he is a beautiful and very nice dog. I reminded Breslin to stay out of our yard and his owner called him back. I then complimented Bres because he is such a good dog. The walk was special because I have not taken one for over a week. I do not know when it happened but I used to walk every day and now it is only occasionally. I like the thought of returning to the walk habits.,"happy, proud, satisfied","anxious, calm, frustrated, happy, surprised","proud, satisfied","anxious, calm, frustrated, surprised",2,4
217,I went for a run because I have a schedule. It makes me feel a lot calmer and relaxed. I hate it before and during it but afterwards I feel content.,"calm, satisfied","calm, excited, proud, satisfied",,"excited, proud",0,2
219,I watched TV with my daughter last night. We don't get many chances to watch something just the two of us. It was only a half hour but it was nice.,"calm, happy","calm, happy, satisfied",,satisfied,0,1
226,I was watching tv in my room alone but i didnt get to watch enough. I felt anxious and annoyed that i couldnt really relax.,calm,"anxious, calm, satisfied",,"anxious, satisfied",0,2
230,I was surrounded by friends for the first time in a long time. It made me very excited since we got to spend so much time together and couch up.,"excited, happy, proud","calm, excited, happy, nostalgic, satisfied",proud,"calm, nostalgic, satisfied",1,3
232,I was running a program and it worked well and I can finish my analysis.,happy,"excited, happy, proud",,"excited, proud",0,2
251,I was attempting to read a book and couldn't oncentrate on it at all. I felt like I couldn't remember the last sentence I had read.,"awkward, frustrated","anxious, calm, excited, satisfied","awkward, frustrated","anxious, calm, excited, satisfied",2,4
253,I was actually able to get some repair work done on my home. This is a sort of work project because I work directly below the area I worked on (My home office),satisfied,"anxious, proud, satisfied",,"anxious, proud",0,2
262,i try harder to talk very much with all my family because i think its the most easiest form to get their hearts and be very compresible,"excited, happy, proud","calm, happy, satisfied","excited, proud","calm, satisfied",2,2
278,I spent the evening playing board games with my friends. One of my best friends in life was in town from Seattle. We had a really great time.,satisfied,"calm, excited, happy, nostalgic, satisfied",,"calm, excited, happy, nostalgic",0,4
284,"I spent over an hour on my exercise bike in the basement. While I exercised, I read a new novel called the Deserter. It was enjoyable.","calm, happy, satisfied","excited, happy, proud, satisfied",calm,"excited, proud",1,2
293,I saw my lover and we spent quality time together. I was truly enjoyed by everything that we shared.,excited,"calm, excited, happy, satisfied",,"calm, happy, satisfied",0,3
295,I recieved some good news about my job yesterday. I was proud of myself because I am number 6 out of several hundred people for my accuracy. This validation that I received and the bonus that this will lead to excites me.,"excited, proud, satisfied","excited, happy, proud, satisfied",,happy,0,1
304,I played a game with a friend and it was just something fun to do. Something to help relax and help me keep my mind off of things. We played for some hours too so I had a lot of fun.,"calm, happy, satisfied","calm, excited, happy",satisfied,excited,1,1
315,i made a huge breakfast,excited,"excited, happy, satisfied",,"happy, satisfied",0,2
330,i have time to myself for myself. i love it,happy,"calm, happy, proud, satisfied",,"calm, proud, satisfied",0,3
335,I have been struggling to get our house ready to be sold. I know I have a lot of items that I need to get rid of or donate. I set a goal for myself to go through all of our families clothes and donate those things that we never wear or have outgrown. I was pleased to make it through all the closets and drawers and donated five bags of clothing. I really felt like I made the first step toward getting the house ready to be sold.,satisfied,"anxious, calm, happy, proud, satisfied",,"anxious, calm, happy, proud",0,4
343,I have a degenerative disease Inclusion Body Myositis in my skeletal muscles and must exercise regularly to slow down the progression of the disease and this is very frustrating.,frustrated,"frustrated, proud, satisfied",,"proud, satisfied",0,2
356,I had such an enjoyable meal yesterday. I had been craving it for so long. It was probably the highlight of my week.,"excited, happy, satisfied","calm, excited, happy, satisfied",,calm,0,1
372,I had alot of work,frustrated,"anxious, frustrated, satisfied",,"anxious, satisfied",0,2
375,"I had a really good workout yesterday. I start almost everyday with 90-120 minutes of excercise (I have missed 10 days this year) and yesterday was chest, shoulders, triceps and stair master. It was really hard and I made it through the entire thing. I was spent after and really liked the workout.","excited, happy, proud","calm, excited, happy, proud, satisfied",,"calm, satisfied",0,2
379,"I had a lot of work to get done yesterday and was quite apprehensive about whether I would be successful in completing it all. To my surprise and even with some interruptions, I was able to focus for a long period of time and get all my jobs done. I felt very satisfied and content when I left the office.","proud, satisfied","anxious, excited, happy, proud, satisfied",,"anxious, excited, happy",0,3
383,I had a great meal with friends,satisfied,"excited, happy",satisfied,"excited, happy",1,2
387,I had a great breakfast today. It gave me fuel for the day and tasted amazing.,happy,"calm, excited, happy, proud, satisfied",,"calm, excited, proud, satisfied",0,4
389,"I had a good selection of tasks yesterday, and they exceeded my goals (in terms of hours worked and earnings.)  Knowing that the weather had turned cold and miserable, and that at the end of the week my work day's were going to be interrupted by other responsibilities, it was that much more satisfying that I could get more than the average amount of work accomplished yesterday.  I was also able to concentrate on/organize some upcoming chores and personal projects, especially some photography I want to accomplish. Earning more money now puts me at ease about missing some work time later this month when I pursue these types of personal projects.","calm, happy, satisfied","calm, frustrated, proud, satisfied",happy,"frustrated, proud",1,2
391,"I got to work out, it was hard, but satisfying. This is something that i have been denying myself and I finally am doing it again. I am grateful and happy about it",happy,"excited, happy, proud, satisfied",,"excited, proud, satisfied",0,3
393,I got to spend time with my family today which was important to me.,happy,"calm, happy, proud, satisfied",,"calm, proud, satisfied",0,3
396,I got to read the Bible and my favorite books on the subject of Christianity. It helped me become more at peace and loving towards myself and others.,happy,"calm, happy, proud, satisfied",,"calm, proud, satisfied",0,3
400,"I found out yesterday that my relative has endometriosis cancer. Somewhat, we had a feeling about the result but it still made us sad and angry at the same time. She had the symptoms and when the doctor asked them to come earlier than the scheduled appointment, we kind of got the clue. I hope she can be treated and healed.","anxious, sad","anxious, excited, frustrated, happy, satisfied, surprised",sad,"excited, frustrated, happy, satisfied, surprised",1,5
406,I felt very happy today because all the members of my family were together and we had a very good day eating dinner together and telling funny stories.,happy,"calm, excited, happy, proud, satisfied",,"calm, excited, proud, satisfied",0,4
408,I felt very calm and relaxed yesterday while I was relaxing and reading. It was a very nice thing and I like to do it everyday.,"calm, happy, satisfied","calm, happy, satisfied",,,0,0
417,I felt as if my morning walk made me feel very refreshed and is vital to starting my day off right.,"proud, satisfied","calm, excited, proud, satisfied",,"calm, excited",0,2
418,I felt a bit nervous because I hadn't worked out in a while and I didn't know if my body would be able to handle the stress I was about to put it through personally. That was my biggest fear.,"afraid, anxious","calm, excited, happy, satisfied","afraid, anxious","calm, excited, happy, satisfied",2,4
419,"I feel that sometimes I can be at my best then I have days where I feel like I'm nothing, it's something that bothers me a lot",ashamed,"anxious, calm, frustrated, happy, proud, satisfied",ashamed,"anxious, calm, frustrated, happy, proud, satisfied",1,6
424,"I exercised yesterday as I'd planned, going for a power walk and then lifting weights after dinner.  I felt proud about being committed to it and getting it done, although I also found it challenging and dull.  I really had to push myself to start.  Once I started it wasn't bad though.  And now I want to keep doing this and getting in better and better shape.","anxious, bored, proud","excited, frustrated, happy, proud, satisfied","anxious, bored","excited, frustrated, happy, satisfied",2,4
437,"I came home from a hard day of work and not only did my husband put in wood, he also tended to the pets and made dinner. He did all of this before I got home. I was so appreciative and impressed that I actually called my best friend to talk about it.",excited,"happy, proud, satisfied, surprised",excited,"happy, proud, satisfied, surprised",1,4
441,"I answered an email to my sister in law about Thanksgiving dinner. I told her I would not eat some of the foods being served because I don't eat a lot and I eat very healthy compared to her. She got angry that I had the nerve to say that and was very short and terse in her answer back. I was confused because I didn't say anything mean or nasty, just told her my feelings.","confused, frustrated, sad","anxious, excited, happy, proud","confused, frustrated, sad","anxious, excited, happy, proud",3,4
452,"I am a Christian.  I pray a lot and rely on my faith, especially in hard times.  I went to the hospital to visit a sick friend.  We prayed together and I left feeling encouraged.","calm, happy, satisfied","excited, happy, satisfied",calm,excited,1,1
463,God is always a part of my dayHe makes me feel better when I am sad or having a rough time.,happy,"calm, happy, proud, satisfied",,"calm, proud, satisfied",0,3
466,Glen stopped by last night so we could go over the state elections from Tuesday. He keeps seeing hope in these results where I see a repeat of 2016 That's his faith as an acadeic in these idioy polls.,surprised,"excited, frustrated, happy, proud, surprised",,"excited, frustrated, happy, proud",0,4
468,Exercising feels like meditation it clears my mind and makes me feel energized.,calm,"calm, happy, proud, satisfied",,"happy, proud, satisfied",0,3
469,Every night we have dinner as a family. It means a lot to us as it's a special time together to be calm and relaxed outside of work and school.,"anxious, nostalgic","calm, excited, happy, satisfied","anxious, nostalgic","calm, excited, happy, satisfied",2,4
473,Completed the most important project of my career. Now I can move on to other important projects. Completely satisfied with my work.,"happy, proud, satisfied","happy, proud, satisfied",,,0,0
483,"All day, I struggled with period cramps and excessive bleeding. This is my first period in 10 months. I felt awful throughout the day so I was constantly reminded of it. Hot flashes, cramps, and having to change pads every hour or so.","disgusted, frustrated","anxious, calm, frustrated, satisfied",disgusted,"anxious, calm, satisfied",1,3
484,"After work, my husband and I put our daughter to bed and decided to start painting our new home. We worked together as a team to tape and start cutting in. We got a lot more done than I thought we would. We spend the night laughing and catching up with each other since he works pretty demanding hours.","anxious, happy, proud, satisfied","calm, excited, happy, proud, satisfied",anxious,"calm, excited",1,2
487,"A two mile morning walk in invigorating circumstances, coolness/wind, made me satisfied that I did so and proud as well.","excited, proud, satisfied","excited, proud, satisfied",,,0,0
491,"Yesterday we grilled salmon for dinner, even though it was 40º F outside and I had bought the salmon a week ago. We took a chance on it being bad, but it was delicious and no one got sick. I'm looking forward to grilling salmon again.","satisfied, surprised","calm, excited, happy, satisfied",surprised,"calm, excited, happy",1,3
495,"I was able to connect via phone with my old friend, Mary, yesterday, which was her birthday. We have been friends for over thirty years but we live thousands of miles apart for the past few year as so it has been hard to continue our communications. It made me realize the importance of enduring friendship as we caught up with each other’s lives on her special day, which turned out to be a happy and special day for me too.",nostalgic,"calm, happy, nostalgic, proud, satisfied",,"calm, happy, proud, satisfied",0,4
496,When I went home I hung out with my wife. We cuddled and watched youtube videos.,"calm, excited, happy","calm, excited, happy, proud, satisfied",,"proud, satisfied",0,2
498,"After my presentation, I headed back home to rest. I slept like 13 hours straight. I haven't had rest this long for a very long time!","happy, satisfied","calm, happy, satisfied",,calm,0,1
499,yesterday was so good with the boys. I had a deep conversation with Connor about his feelings. I helped Nicholas with his reading. And I just hung out with James.,happy,"calm, excited, happy, proud, satisfied",,"calm, excited, proud, satisfied",0,4
502,Yesterday i was able to break my diet due to the celebration and enjoy a nice piece of a delicious German chocolate cake. i have been avoiding sweets and this was such a nice and decadent treat that i was able to enjoy without guilt because i know i had been good on my diet.,satisfied,"excited, happy, proud, satisfied",,"excited, happy, proud",0,3
507,My mom had her biopsy to test if she has cancer. I am very worried that she might have uterine cancer and it would be the fault of the doctors if it is more aggressive than we originally thought. The reason I blame them is that they have been denying her a hysterectomy for years despite her uterine fibroids cause her so much phyiscal pain and distress.,"angry, anxious, sad","anxious, excited, happy, proud, satisfied, surprised","angry, sad","excited, happy, proud, satisfied, surprised",2,5
509,The MOOC live webcast was great last night. I had some excellent insights for my own writing.,"excited, happy, proud, satisfied, surprised","calm, happy, satisfied","excited, proud, surprised",calm,3,1
510,Yesterday I finished my fourth week in a row of 30 minutes of exercise.,excited,"proud, satisfied",excited,"proud, satisfied",1,2
517,I was able to have dinner with family at a table. We don't often eat together but yesterday everyone was at home at the same time and we shared a feast. We enjoyed the communication we had and thoughts we shared. It was a fun evening and it made me appreciate for what I have in life. I felt very happy.,happy,"calm, excited, happy, nostalgic, proud, satisfied",,"calm, excited, nostalgic, proud, satisfied",0,5
520,"Though I was sick yesterday, my husband was there to take care of my every need and made me feel safe and content.",satisfied,"anxious, calm, happy",satisfied,"anxious, calm, happy",1,3
521,Yesterday my friends reminded me that I respected and valued. It felt nice to know that my friends consider me important and valued.,satisfied,"calm, excited, happy, proud, satisfied",,"calm, excited, happy, proud",0,4
524,Yesterday I chatted with my brother.  He was at the dmv so I just talked while he typed.  It was fun too see him.,"excited, surprised","excited, happy",surprised,happy,1,1
537,I am fairly committed to the gym and i would say it's the second most important thing I do. I had a pretty solid workout and overall felt satisfied.,"calm, satisfied","calm, excited, happy, proud, satisfied",,"excited, happy, proud",0,3
540,My family is always there for me. I am proud that I have them and we have each other. We can count on each other when times are hard,"happy, proud, satisfied","calm, excited, happy, proud, satisfied",,"calm, excited",0,2
546,"I wasn't feeling the gym, as I had hurt my groin a couple weeks ago, and it was still sore.  Either way, I went in there, did well and got into it.  I did a bunch of things that I think will help it heal, and I feel good about that.","proud, satisfied","excited, happy, satisfied",proud,"excited, happy",1,2
547,I had a test that I prepared for but I was still nervous.,anxious,"anxious, calm, excited, frustrated, proud",,"calm, excited, frustrated, proud",0,4
559,The fish fry and curry were appreciated by everyone but the most important acknowledgement was from Kailash aged five. He said 'grandma I love when you make fish for me'.,happy,"calm, happy, nostalgic, satisfied, surprised",,"calm, nostalgic, satisfied, surprised",0,4
565,I felt good today. Talking to my friends elevated my mood.,happy,"excited, happy, proud",,"excited, proud",0,2
580,The second most importan thing about my day and my life in general are my boys. I wouldn't be anything without them and that is noticeable to everyone who truly knows me. No matter how I am physically or mentally I will always strive to be the best I can for them.,"happy, proud, satisfied","anxious, calm, excited, happy, proud, satisfied",,"anxious, calm, excited",0,3
586,The work outs  I do are for my health and to give me strength and endurance.I always feel accomplished after each work out and weight workout,satisfied,"excited, happy, proud, satisfied",,"excited, happy, proud",0,3
600,"God is my everything, He not only created me, but He also sustains me. He gives me a reason to believe and hope even when things look grim.","calm, excited, happy, nostalgic, proud, satisfied, surprised","calm, frustrated","excited, happy, nostalgic, proud, satisfied, surprised",frustrated,6,1
604,"Work is good.  I like my job, I am getting promoted after the New year.  But it is also the most frustrating job.  Customers usually are horrible.","excited, frustrated","anxious, frustrated, proud, satisfied",excited,"anxious, proud, satisfied",1,3
625,"I need help getting some money to fix my house, but nobody in the family gives a damn about me.","anxious, frustrated, sad","frustrated, happy, satisfied","anxious, sad","happy, satisfied",2,2
627,"I spoke to both of my parents yesterday, my dad is doing well, and I talked with my mom about wedding planning. She was actually really nice and excited about my plans and didn't say that they were awful or try to tell me what to do. It was great because she's usually very critical of me.","excited, happy, surprised","calm, happy, proud","excited, surprised","calm, proud",2,2
641,I exercised and it felt normal to be in my routine. It's boring but I feel cam and less stressed.,"bored, calm, satisfied","proud, satisfied","bored, calm",proud,2,1
642,I had Chipotle for dinner which is usually something that I can not afford but I splurged a bit and it was delicious.,happy,"calm, happy, satisfied",,"calm, satisfied",0,2
645,I went to the gym. It felt good to exercise and work off some of the holiday pounds I had gained.,satisfied,"excited, proud, satisfied",,"excited, proud",0,2
646,I tried out a new homemade biscuit recipe with my partner to take my mind off of things,happy,"excited, happy, proud, satisfied",,"excited, proud, satisfied",0,3
647,I took my time and on my own went to a medical facility in my health program for x-rays as followup.,proud,"excited, happy, satisfied",proud,"excited, happy, satisfied",1,3
653,so lucky to be free of pain and feeling good,"calm, happy, satisfied","happy, proud, satisfied",calm,proud,1,1
655,Execising on a daily basis makes me feel great about myself I must keep this up it is very important.,satisfied,"calm, excited, happy, proud, satisfied",,"calm, excited, happy, proud",0,4
656,Spending the day ( like every other day) babysitting my grandbabies. I love them so much and enjoy most every part of being with them during the day. I know how lucky I am to be able to babysit them every day.,"calm, happy, proud","calm, happy, satisfied",proud,satisfied,1,1
658,i had some tacos.  they were amazing!  made me feel so happy!,happy,"anxious, calm, excited, happy, proud, satisfied",,"anxious, calm, excited, proud, satisfied",0,5
659,"I couldn't sleep at all last night. I was tossing and turning and constantly waking back up. I don't know why, but it was a very long and lonely night.","anxious, frustrated","anxious, calm, frustrated",,calm,0,1
662,My relationship with God is so important. I thank him for my blessings and for all of the things that we have been through together in my life.,"calm, excited, nostalgic","calm, excited, happy, satisfied",nostalgic,"happy, satisfied",1,2
663,Spent time with the family went out and got something to eat had a good time,happy,"calm, excited, happy, satisfied",,"calm, excited, satisfied",0,3
667,I was excited frustrated and satisfied with my exercise.  I was excited that I did my daily routine and accomplished my goals.  It was frustration getting out of breath sometimes though.  But overall the satisfaction of completing it was great.,"excited, frustrated, satisfied","calm, excited, happy, proud, satisfied",frustrated,"calm, happy, proud",1,3
675,"After work and dinner, the only thing I wanted to do was watch the last episode of the TV show I've been watching for a while. The finale was so surprising, so awful in a way, and creepy, but so good! A great show!","excited, satisfied, surprised","calm, excited, happy, proud, satisfied",surprised,"calm, happy, proud",1,3
681,I was happy to get extra sleep because I needed it. It felt so good to relax and drift off.,"happy, satisfied","calm, happy, satisfied",,calm,0,1
685,I worked out after work yesterday. It felt good to exercise and I felt proud and accomplished.,"proud, satisfied","excited, proud, satisfied",,excited,0,1
686,I had not been getting enough sleep lately and I actually slept for 7 1/2 hours and felt rested and relaxed.,"calm, satisfied","calm, frustrated, satisfied",,frustrated,0,1
689,It was a cold day and I had a grilled cheese and tomato soup,happy,"calm, happy, satisfied",,"calm, satisfied",0,2
692,"I went to work yesterday, like I always do, but this day was kind of different. I felt like I got a lot done, so I felt really proud and satisfied. I was also calm for most of the day, which helped me focus on work and probably contributed to how productive I ended up being.","calm, proud, satisfied","bored, calm, proud, satisfied",,bored,0,1
697,When I had the vertigo attack I was able to make it to bed without falling down.  I took a three hour nap.  When I woke up I was a bit foggy like I normally after having  vertigo attack but I was able to do some work.,"calm, satisfied","bored, calm, frustrated, satisfied",,"bored, frustrated",0,2
698,"I bought a chicken from the store a few days ago - it was organic with no hormones, antibiotics or anything to be concerned about.  I was looking forward to roasting it in the oven and having a healthy meal.  I also bought some fresh asparagus, which I steamed to have with the chicken.  Everything was very tasty, and very healthy.","happy, satisfied","calm, excited, happy, satisfied, surprised",,"calm, excited, surprised",0,3
699,I had a good call with this person. I think we both thought positively about the conversation and are ready to move forward to the next stage.,satisfied,"anxious, calm, excited, happy",satisfied,"anxious, calm, excited, happy",1,4
709,I went on a short walk yesterday to get some exercise. I just took a stroll down to the park near my home. It was relaxing and fun.,"calm, happy","calm, happy, proud, satisfied",,"proud, satisfied",0,2
723,I refinished a part of a table. It was quite enjoyable,calm,"calm, happy, satisfied",,"happy, satisfied",0,2
728,"I was happy that my husband of 40 plus years and I worked together to cook a meal in the kitchen. After dinner and cleaning up, we had an enjoyable evening watching a favorite television program. It was a good, peaceful day.",happy,"calm, excited, happy, satisfied",,"calm, excited, satisfied",0,3
729,I was able to beat my time on running a mile by a significant margin from last time I tried.,proud,"excited, happy, proud, satisfied",,"excited, happy, satisfied",0,3
731,"I stretched and walked around a lot. I had hurt my back last week, so I'm making it a goal to stretch and not overwork myself. I was satisfied with the amount of exercise I was able to do.","calm, satisfied","proud, satisfied",calm,proud,1,1
732,"I was happy to know that my friends are always there for me when needed. They make me smile, and it is a secure feeling too.",happy,"calm, excited, happy, proud",,"calm, excited, proud",0,3
734,My wife surprised me with a big dinner she made.  I love her cooking so I was ecstatic!,"happy, surprised","excited, happy, proud, satisfied",surprised,"excited, proud, satisfied",1,3
739,I felt I had the love and support of my wife and children as I waited for my medical results.,happy,"happy, proud, satisfied",,"proud, satisfied",0,2
740,"I was running errands downtown, and decided to just walk around for a few hours.  I bought some heavy items and was carrying them in my backpack, so it was pretty tiring.","happy, proud, satisfied","excited, happy","proud, satisfied",excited,2,1
742,I made my own ramen yesterday with vegetables and fresh noodles. It was very good. Then I had some home made tomato mushroom soup.,"proud, satisfied","calm, excited, happy, proud, satisfied",,"calm, excited, happy",0,3
747,I love my job I love getting to help people. I work in IT and get to fix computer problems.,happy,"anxious, excited, frustrated, happy, proud, satisfied",,"anxious, excited, frustrated, proud, satisfied",0,5
749,My children telling me about what happened in school,happy,"happy, proud",,proud,0,1
753,i try every day to get very busy with that i think its the best form to get involved all the family and be very center in their mind and body,"excited, proud, surprised","calm, happy, proud, satisfied","excited, surprised","calm, happy, satisfied",2,3
758,I tried a new chili recipe for my crock pot. I love to eat so I was very excited that the recipe came out well. I was excited that the new recipe was good because that is not always the case.,"excited, satisfied","calm, excited, happy, proud",satisfied,"calm, happy, proud",1,3
760,I had steak and chicken for dinner. Salient is an understatement for how I felt about the food.,"calm, happy, satisfied","excited, happy, nostalgic, satisfied",calm,"excited, nostalgic",1,2
763,I was able to exercise and it made me feel good to take care of my body. I was satisfied with the progress I have made with my strength and can't wait to get more stronger,"calm, satisfied","calm, happy, proud, satisfied",,"happy, proud",0,2
766,"I had a good workout yesterday morning.  I've eeb having trouble sleeping, but had a good night sleep the night before, and had a great workout in the morning.","excited, happy, proud, satisfied","calm, excited, frustrated, satisfied","happy, proud","calm, frustrated",2,2
773,I am married to the most wonderful selfless man there is.,satisfied,"calm, happy",satisfied,"calm, happy",1,2
800,I just had a very busy day where I worked non-stop until the evening. It made me feel anxious as I felt I had so much to do,anxious,"anxious, calm, frustrated, satisfied",,"calm, frustrated, satisfied",0,3
801,I had fun with my family yesterday as we all met to celebrate my mother's birthday,"happy, proud","calm, excited, happy",proud,"calm, excited",1,2
804,I watched Survivor last night and the masked singer.  Love both of those shows.,calm,"calm, excited, happy, satisfied",,"excited, happy, satisfied",0,3
815,i had good crepes,calm,"calm, excited",,excited,0,1
820,I always feel anxious but yesterday was fine at work. Just the usual struggle of finding things to do between projects and assignments. It was a fairly uneventful day after finishing my morning duties.,"anxious, bored","anxious, bored, calm, frustrated, satisfied",,"calm, frustrated, satisfied",0,3
822,My wife is the sexiest woman I've ever known. She surprises me nearly every night with a new bedtime adventure and finishes my day in the best way I can imagine. Yesterday was great as usual and made me realize what a gem she is.,"excited, happy, satisfied","calm, excited, happy, proud, satisfied",,"calm, proud",0,2
823,I was able to finish my preparation for the weekly print run on time.  I was happy that I could hand the info off to my co-worker so she didn't have to rush or stay late on Friday.  I worked a lot of overtime last year and it's nice to be able to leave right around 5:30 every day now.,satisfied,"happy, proud, satisfied",,"happy, proud",0,2
827,"Yesterday I cooked a good homemade dinner for myself. I am frustrated because I am eating less and eating healthy but not losing weight. The food was really delicious and nuroushing though, so it made me happy.","confused, frustrated, happy","excited, happy, satisfied","confused, frustrated","excited, satisfied",2,2
833,"I'm also self-employed for my ""day job"" as a freelance web developer. I completed a project yesterday that had been going on since last February. It wasn't a particularly big or complicated project it just was put on hold and delayed so many times by the client. We've finally been collaborating since the new year began on getting it over with - and yesterday it was finally completed. I'm very glad to have it off my plate I certainly don't like things lingering that long. (I'm also happy that I can collect on the balance of my pay!)","happy, satisfied","anxious, excited, frustrated, happy, proud, satisfied",,"anxious, excited, frustrated, proud",0,4
837,"I enjoyed powerwalking a couple of miles after work for exercise. Getting out in the fresh, cool air, while pushing my body to walk faster made me feel good.","happy, satisfied","calm, excited, happy, proud, satisfied",,"calm, excited, proud",0,3
840,"I had been putting off a daily exercise routine on my treadmill for at least two weeks. I had been doing it fairly regularly and I suddenly quit. But I was determined to start again and last night, I did 20 minutes on my treadmill, and gradually moved the elevation as well. It was tiring but I feel I accomplished something.","excited, happy, proud","calm, excited, proud, satisfied",happy,"calm, satisfied",1,2
842,I felt good lifting weights and then going for a long walk around my neighborhood.,"happy, satisfied","calm, excited, proud, satisfied",happy,"calm, excited, proud",1,3
850,"I started working out again. I have been feeling out of shape but since it is winter, I want to start working out again. I feel happy and strong now.","excited, proud, satisfied","excited, frustrated, happy, proud, satisfied",,"frustrated, happy",0,2
854,I had a work and a project I am working on.,proud,"anxious, excited, frustrated, proud, satisfied",,"anxious, excited, frustrated, satisfied",0,4
860,My spouse was having an emotional crisis about events from his childhood. I had to give him alot of emotional support and seek to help him find a resolution.,sad,"anxious, frustrated, surprised",sad,"anxious, frustrated, surprised",1,3
866,"When I do not have meetings, I like to take my dog with me to the office. She is young but she is fun. I work in a warehouse type setting and let my dog run in the warehouse. SHe gets so tired and then sleeps for an hour. However, she is not potty trained... so that stinks.","excited, frustrated, happy","calm, frustrated, happy, proud, surprised",excited,"calm, proud, surprised",1,3
872,"I worked on mturk yesterday. I exceeded my earnings goal for the day, which made me feel satisfied. I did a few enjoyable tasks, but most were pretty boring.","bored, satisfied","bored, calm, proud, satisfied",,"calm, proud",0,2
879,We had some homemade chicken wings that I made in the oven with a special sauce. I paired it with some chicken broccoli rice and some seasoned green beans and the kids loved it. For dessert we had strawberry cheesecake. I love cooking for my family and I loved seeing their reactions when they tasted the wings.,"excited, happy","calm, excited, happy, proud, satisfied",,"calm, proud, satisfied",0,3
880,"The salient 'thing' wasn't so much about God, but about the Creation/ Intelligent Design/ Evolution topics. During some down time, I browsed a news article link, which lead me to a website and some related articles, which lead me to a topic and place nearby which contains one of the largest fossil records, records which refute the basic un-questioned and false aspects of Darwin's evolutionary theories.  A vacation plan (to visit these fossil-rich areas) immediately came to mind!","anxious, happy, surprised","calm, happy, satisfied","anxious, surprised","calm, satisfied",2,2
890,"I ate at a restaurant with a friend. However, when mt salad arrived, it had bacon and bleu cheese all over it. I failed to notice that was listed on the menu, and had to spend some time picking all of it off. I don't eat red meat or moldy cheese. After I did that, though, the salad was very good.","calm, frustrated, satisfied","calm, happy, satisfied",frustrated,happy,1,1
895,My partner got a call to do a job for a contractor he had worked for in the past. His day to day contractor had canceled the work for today and the new contractor needed some work done. My partner will be paid three times the amount of money working for the new contractor.,"calm, happy, proud","anxious, proud, satisfied","calm, happy","anxious, satisfied",2,2
902,I was able to take a great nap during the day. I usually don't get the chance but it made me feel really calm and refreshed.,calm,"calm, satisfied",,satisfied,0,1
912,I really love my job.  I have a good time doing it and am very happy.,happy,"happy, proud, satisfied",,"proud, satisfied",0,2
914,I do have so funny and annoying friends,awkward,"angry, bored, excited, happy",awkward,"angry, bored, excited, happy",1,4
915,"I had a phone conversation with my mother yesterday, talking about Christmas gifts for my brother.  We accomplished what we wanted and decided what we're each getting him, so that's good.  It was a productive call.  Otherwise we didn't talk about much and I was relaxed during our chat.  It wasn't that eventful but I was pleased to be making progress towards getting my Christmas shopping done.","calm, satisfied","calm, happy, proud, satisfied",,"happy, proud",0,2
919,"I did some Christmas crafts yesterday with my boyfriend and had a nice time doing it, it was very relaxing.","happy, satisfied","calm, happy, satisfied",,calm,0,1
927,I went out for dinner with my team to my favorite Mexican restaurant as a celebration. The food and drinks were excellent and we had a lot of fun. Made me feel full of energy and brought me a great deal of joy.,"excited, happy","excited, happy, satisfied",,satisfied,0,1
928,"I came home yesterday to find the lawn all picked up. It was nice seeing the house and property looking ship-shape. My mom had come by to do this without my knowing, I found out later.",happy,"excited, happy, proud, satisfied",,"excited, proud, satisfied",0,3
933,I enjoy my job and I feel good about my day when I help my students or have a positive impact on them in some way.,"happy, satisfied","calm, happy, proud, satisfied",,"calm, proud",0,2
934,I am trying to set a routine for sleep and have met with success.,satisfied,"anxious, calm, happy, satisfied",,"anxious, calm, happy",0,3
935,"I got my grade back for my first big assignment in my theory class. I made a 100. It really surprised me, as the theories are difficult to grasp, and it's basically a two page paper. over different things throughout the chapter. I expected to do reasonably well because I studied and put a lot of effort into it but the 100 was better than I expected.","proud, surprised","excited, frustrated, proud, satisfied",surprised,"excited, frustrated, satisfied",1,3
947,i appreciate my family so much. they're very supportive and always there for me.,"nostalgic, proud, satisfied","calm, happy, proud, satisfied",nostalgic,"calm, happy",1,2
951,I exercise almost every day and it always leaves me feeling strong and healthy.,excited,"calm, excited, happy, proud, satisfied",,"calm, happy, proud, satisfied",0,4
954,I am proud of my family for all that they do they bring joy to my life,proud,"happy, proud",,happy,0,1
955,I am lucky to have a job that I enjoy and I am able to get paid for work that i like and that is rewarding in seeing disabled students succeed.,satisfied,"happy, proud, satisfied",,"happy, proud",0,2
957,teresa finally called back and it took her all of 10 minutes to get worked up again. I'm a about sick of this yeast and bi-polar  BS. I'll just handle it like the last 27 years. These autumn/holidays annual depressions are so predictable. She was rewriting history again. I wish she would quit taking every subtle difference of opinion as a personalttack!,"angry, anxious, frustrated","happy, proud, satisfied","angry, anxious, frustrated","happy, proud, satisfied",3,3
959,Sleeping makes me feel energized and prepared for the next things to come. Which makes me less anxious overall.,calm,"anxious, calm, excited, satisfied",,"anxious, excited, satisfied",0,3
960,We all enjoy a family meal together and talk about our day.,"calm, satisfied","calm, happy, satisfied",,happy,0,1
968,Praying to God is something a do daily. It brings a calmness and acceptance of things. It is my way of appreciating all the blessings that come my way.,calm,"calm, happy, satisfied",,"happy, satisfied",0,2
969,"Went to work out at the gym and it was leg day, liked the time i spent.",happy,"calm, happy, satisfied",,"calm, satisfied",0,2
970,Exercise is important part of my life because it helps with stress from work.,"happy, satisfied","calm, happy, satisfied",,calm,0,1
980,"I pray every morning, but today was different. This morning when I was praying I felt a sense of relief. Relief that I have been asking for in my prayers. There has been so much turmoil in my life lately. My Mom recently passed away after a long sickness in which I had cared for her. That started about 5 yearrs ago. I am still trying to find my new normal. Not having her here everyday is very strange, and sad at the same time. I find extreme comfort in praying. Today one of my prayers were definitely answered. Thank you God.",satisfied,"anxious, frustrated, happy, proud, sad, satisfied",,"anxious, frustrated, happy, proud, sad",0,5
995,Last night I spent the night with my wife watching a good movie as we laid together holding each other.,happy,"calm, happy, satisfied",,"calm, satisfied",0,2
1002,"I tried a new lasagna recipie yesterday, it turned out to be very good.  My family was very happy with it","excited, happy, satisfied","calm, excited, happy, proud, satisfied",,"calm, proud",0,2
1008,Yesterday I was able to get to work on time. I did all my task on time and was able to leave early. I was proud of myself for completing every task. It was a smooth day overall.,"proud, satisfied","excited, happy, proud, satisfied",,"excited, happy",0,2
1011,I played video games a bit toward the end of my day as I started to feel better. It was a nice distraction.,satisfied,"calm, happy, proud, satisfied",,"calm, happy, proud",0,3
1012,"Yesterday I was reminded that my SO will do anything for me, no matter the extra effort it takes on their part. I was taken care while being sick and I was humbled and grateful to know how much I was cared for.",happy,"calm, happy, satisfied",,"calm, satisfied",0,2
1014,It's been warming up where I live so yesterday I picked up the golf club for the first time in months and did a few practice swings.,proud,"calm, excited, happy, proud, satisfied",,"calm, excited, happy, satisfied",0,4
1015,"Got some really good sleep yesterday, the dreams were fun.",calm,"calm, happy, satisfied",,"happy, satisfied",0,2
1016,I was super tired by the time evening rolled around and when our kids went to bed I laid down with my wife and chatted until I dozed off.,happy,"calm, happy, satisfied",,"calm, satisfied",0,2
1017,"By recreation, I mean my time at night to kick back in front of Netflix for a couple of hours and take in the Walking Dead series.",happy,"calm, frustrated, happy, satisfied",,"calm, frustrated, satisfied",0,3
1019,Yesterday I had a very good night sleep. I was very happy.,happy,"calm, happy, satisfied",,"calm, satisfied",0,2
1020,I was able to keep up with my daily eating schedule and was not tempted by outside food.,"calm, happy","calm, excited, happy, proud, satisfied",,"excited, proud, satisfied",0,3
1021,I cooked a real meal.  It took way too much time and effort for how flavorless it was.  It tool forever to clean up and I got no help.,"afraid, anxious, frustrated","calm, happy, satisfied","afraid, anxious, frustrated","calm, happy, satisfied",3,3
1036,I was working on a project at work i was having issues with. Made me very upset and confused.,"anxious, confused, frustrated, satisfied","anxious, frustrated, proud","confused, satisfied",proud,2,1
1038,I got chipolte and I loved it. It was very comforting after a long day.,happy,"calm, excited, happy, satisfied",,"calm, excited, satisfied",0,3
1039,"Had a test i wasnt ready for, and im not sure how i did on it.",anxious,"anxious, calm, frustrated",,"calm, frustrated",0,2
1044,I love falling asleep after having a nice big meal!  I feel very warm and contented and it's easy to sleep!,calm,"calm, happy, satisfied",,"happy, satisfied",0,2
1045,"My husband left work early to surprise us on the ""ice day"".  We weren't expecting him to come home so it was truly special for him to spend this time with us.","excited, happy, surprised","excited, happy, satisfied, surprised",,satisfied,0,1
1056,Today I prayed to God. It helped me connect with Him.,"happy, proud","calm, excited, satisfied","happy, proud","calm, excited, satisfied",2,3
1059,"At the end of the night, snuggled up on the couch with my dog and a blanket and reading a good book.  There is just something very peaceful and relaxing when you are all snuggled up on a cold night","calm, happy","calm, satisfied",happy,satisfied,1,1
1066,The third salient thing would be my family. I got to see my mom yesterday after work and spend the rest of the evening with my husband eating dinner together and watching a movie.,happy,"calm, excited, happy, proud, satisfied",,"calm, excited, proud, satisfied",0,4
1070,"Working throughout the day was probably the least salient thing I did yesterday. Since I was already exhausted, working just felt like a chore and I couldn't wait to just relax and do nothing. I knew I had a daily quota to fill and begrudgingly finished all my work, although I felt fairly useless.","bored, satisfied","bored, calm, excited, happy, satisfied",,"calm, excited, happy",0,3
1071,Working on my health is an important part of my day and one that is noticeable to those around me often. I am working on losing some weight and trying to get in better health after some recent health problems. i am doing better but its still a struggle that bugs me each and everyday.,"anxious, ashamed","anxious, calm, happy, proud, satisfied",ashamed,"calm, happy, proud, satisfied",1,4
1072,I WENT TO MY DAUGHTERS BASKETBALL GAME. SHE PLAYED WELL. I ENJOY GOING TO THE GAMES AND CHEERING HER ON.,"excited, happy, proud","excited, happy, nostalgic",proud,nostalgic,1,1
1076,Can we be better than this or what is different.  We must look forward to our families and our life for better with the blessing of our friends support.,"calm, happy, proud","calm, happy, satisfied, surprised",proud,"satisfied, surprised",1,2
1077,iI enjoy my work and know that it helps many others in my teaching the pre k children I reach out to the children and to the parents and extended families .I also enjoy working as a Turker enjoying the surveys of varied hits.,proud,"calm, happy, proud, satisfied",,"calm, happy, satisfied",0,3
1082,Eating good food is enjoyable.,"nostalgic, satisfied","happy, satisfied",nostalgic,happy,1,1
1093,"When I spend time with my partner and daughter, I feel calm, happy, and satisfied. We argue sometimes, but mostly we are super close and love hanging out together.","calm, happy, satisfied","calm, excited, happy, satisfied",,excited,0,1
1109,"After a day of fulfillment, I satisfied when I go to bed.",satisfied,"bored, calm, satisfied",,"bored, calm",0,2
1115,I made home-made burritos and rice today. It was the perfect meal for a cold day.,proud,"calm, excited, happy, satisfied",proud,"calm, excited, happy, satisfied",1,4
1117,"food is very important to me. without the delicious food i get to eat today that is provided by my shelter i would not be able to keep living, so i would say that is very important",happy,"calm, excited, happy, proud, satisfied",,"calm, excited, proud, satisfied",0,4
1127,Being helthy in life is very very important to insure that we are able to live a longer happier life. So that we can be there for our children.,proud,"calm, excited, happy, proud, satisfied",,"calm, excited, happy, satisfied",0,4
1130,My relationship with God is as strong as ever as I have counted on Him to get me out of tough times. My money situation hasn't been the greatest over the past few months and we are finally starting to see the light at the end of the tunnel and it is due to the guidance and wisdom that came from praying. Yesterday I took the time to thank God for the help in these areas.,"calm, happy, proud, satisfied","calm, excited, happy, proud, satisfied",,excited,0,1
1135,My wfe told me she missed me when she woke up and I was not in bed. She went on and on about it. She was genuine and I felt loved and cared for.,happy,"anxious, calm, happy, satisfied, surprised",,"anxious, calm, satisfied, surprised",0,4
1137,I was working the majority of the day otherwise.  But a lot of the tasks were repetitious.,bored,"anxious, calm, frustrated, satisfied",bored,"anxious, calm, frustrated, satisfied",1,4
1147,I really really enjoy bed time. lol. Every night when I crawl into bed it is the most relaxing part of my day. I think it may be one of the most favorite parts of my day ( aside from babysitting my grandbabies).,"calm, satisfied","calm, happy, satisfied",,happy,0,1
1150,"Part of my son's birthday wish was to go to the indoor trampoline park. I'm not built for that. I was so tired the entire time I think I was going to a die a few times. I remember telling my wife, if I go down just assume I'm dead and find a new husband...","frustrated, happy, satisfied","excited, happy, proud","frustrated, satisfied","excited, proud",2,2
1154,I was proud becasue I was getting all my work done and finding things to finish and completes,proud,"excited, proud, satisfied",,"excited, satisfied",0,2
1158,I was satisfied to eat some scrumptious food.  It was wonderful to taste the good flavors.  I did feel guilty though that I ate all those calories.,"ashamed, happy, satisfied","calm, excited, satisfied","ashamed, happy","calm, excited",2,2
1159,I like taking care of myself physically and how it makes me look and feel.,satisfied,"happy, proud, satisfied",,"happy, proud",0,2
1162,I made a roast.It was good.I cut up alot of healthy vegtables in it.,satisfied,"calm, happy, satisfied",,"calm, happy",0,2
1171,I talked to a friend yesterday that I have not talked to in a long time. Catching up with him was really interesting and exciting. I wish we could do that more often.,"excited, happy, nostalgic","excited, happy, nostalgic, surprised",,surprised,0,1
1173,"Well, I got the biopsy results and they were benign. Hallelujah!",happy,"excited, happy, proud",,"excited, proud",0,2
1180,having my family together for dinner. its always a good thing,happy,"calm, excited, happy, proud, satisfied",,"calm, excited, proud, satisfied",0,4
1184,OUr friends went walking with us. We enjoy spending time with them,"calm, excited, happy","excited, happy, proud, satisfied",calm,"proud, satisfied",1,2
1186,It was a really easy day at work so I got to spend a good chunk of it turking and making some extra money,calm,"calm, happy, satisfied",,"happy, satisfied",0,2
1204,I walked for 3 miles yesterday which is more than my target for a day,"excited, happy","calm, happy, proud, satisfied",excited,"calm, proud, satisfied",1,3
1207,I was able to go to church yesterday and that was what really set my day to be a good day. I like when I am able to have time to establish my faith and to participate in a church service.,"calm, happy, satisfied","calm, excited, happy, proud, satisfied",,"excited, proud",0,2
1208,I worked really hard at work yesterday. So much without a break that i pretty much crashed when my head hit the pillow. I felt so tired that I hope i get enough sleep to reenergize myself for tomorrow.,"frustrated, satisfied","bored, calm, frustrated, proud, satisfied",,"bored, calm, proud",0,3
1215,"I enjoyed baking scones yesterday. The recipe was a new one -- a copycat of a scone I can't get at a particular store any more -- and it turned out really well (and was simple to make, too). It's terrific!",calm,"excited, happy, proud, satisfied",calm,"excited, happy, proud, satisfied",1,4
1227,I was happy about how my spiritual life with God has been going.  I have been praying more and resting in God and feeling calm and peaceful.  I was satisfied in growing closer in my walk with God.,"calm, happy, satisfied","calm, excited, happy, satisfied",,excited,0,1
1228,I did a lot of running and jogging.,proud,"frustrated, satisfied",proud,"frustrated, satisfied",1,2
1229,I really needed to catch up on sleep so I took a nap in the middle of the day and that felt great.,"calm, happy, satisfied","calm, happy, satisfied",,,0,0
1232,Eating my favorite food is always a satisfying an happy times for me. It brings back good and meaningful nostalgic feelings of a time when I was younger.,"happy, nostalgic, satisfied","calm, happy, nostalgic, satisfied",,calm,0,1
1234,We went grocery shopping and I got some really good food we needed and no junk this time. That makes me feel good about it most. I am going to be healthy and loose weight now.,calm,"calm, happy, satisfied",,"happy, satisfied",0,2
1241,Work is work. There are ups and downs but yesterday was good. I got a lot of things done and I had a good time occasionally having a chat with my boss about non-work stuff. It was a good day at work.,"calm, satisfied","calm, frustrated, happy, proud, satisfied",,"frustrated, happy, proud",0,3
1248,I had a great workout today. Everything flowed and I felt strong. I warmed up by playing some basketball then ran a couple of miles and then did sprints. I felt alive and working out really cleared my mind today.,"calm, happy, proud","excited, happy, proud, satisfied",calm,"excited, satisfied",1,2
1252,The food I had was delicious. My girlfriend prepared a very nice meal. It had me ready to take on the rest of the night.,satisfied,"calm, happy, satisfied",,"calm, happy",0,2
1255,i slept so good and hard like a baby it was relaxing and i needed to get some rest so i felt so much better the next day,"calm, satisfied","calm, happy, satisfied",,happy,0,1
1256,"I love going to bed at night and getting much needed rest, i am always looking forward to the next day and what lies ahead.",satisfied,"calm, satisfied",,calm,0,1
1257,"Thr aforementioned ""alone time""w ith my wife last night.  We made love, and as always, it was a pleasurable experience.","excited, happy, proud, satisfied","calm, excited, happy, satisfied",proud,calm,1,1
1264,I took a nap and have a very good rest.,satisfied,"calm, happy",satisfied,"calm, happy",1,2
1267,I don't usually get enough sleep so it's always good when I can get to bed a little early and try to catch up.,satisfied,calm,satisfied,calm,1,1
1271,I made breakfast and lunch for my family yesterday and we had leftovers at dinner.,"happy, nostalgic","calm, excited, happy, proud, satisfied",nostalgic,"calm, excited, proud, satisfied",1,4
1275,by excercising my heart it was such a great meeting of my body and mind. I felt extremely calm afterword.,calm,"calm, happy, proud",,"happy, proud",0,2
1278,Work was typical.  I was frustrated by the stupid paperwork and other crap that I have to do instead of just being allowed to do my job.,"anxious, frustrated","anxious, bored, frustrated, proud, satisfied",,"bored, proud, satisfied",0,3
1279,It was nice to play a video game before work yesterday. I don't always get a lot of time to play but this new game I have is pretty fun even in small amounts. It's nice to still be able to do it once and a while.,happy,"calm, excited, happy, proud, satisfied",,"calm, excited, proud, satisfied",0,4
1285,I spent time with God. It was very relaxing.,"calm, happy","calm, excited, happy, satisfied",,"excited, satisfied",0,2
1287,I enjoyed doing arts and crafts much of the day,calm,"calm, happy, satisfied",,"happy, satisfied",0,2
1294,I spent quite a bit of time talking to my significant other about our day. We ate dinner together then relaxed with a cup of hot cocoa as the snow fell outside,"calm, happy, satisfied","calm, excited, happy, satisfied",,excited,0,1
1306,i slept 8 hours,happy,"calm, frustrated, happy, surprised",,"calm, frustrated, surprised",0,3
1308,"It was a slow day, one of the few slow days we've had at work. This means that I was able to get some of my personal stuff done that I have been putting off. So i felt rather accomplished.",happy,"excited, proud, satisfied",happy,"excited, proud, satisfied",1,3
1313,"I made money and a large performance bonus, which is much needed and appreciated. Because of how large it was, I'll be able to buy all the presents for xmas that I want to buy and make a great Christmas for my family.","calm, satisfied","calm, happy, satisfied",,happy,0,1
1319,"I spent quite a while chatting with my boyfriend over the phone last night. We live very far apart, and had just spent a 4 day weekend together but now are separated again so I was really missing him. We texted for well over an hour and it was really nice to catch up after being a part for a few days now. I miss him terribly.","excited, happy, satisfied","calm, happy, satisfied",excited,calm,1,1
1320,"I slept really good last night, but I didn't get enough sleep the two nights before that. I feel pretty good today, so the sleep was restorative.",satisfied,"calm, satisfied",,calm,0,1
1329,I made myself dinner before going to work. I was in a rush so I made a sandwich on a bagel and ate it. I also ate a Girl Scout cookie as dessert. It was fairly normal.,"calm, happy","anxious, calm, excited, frustrated, happy",,"anxious, excited, frustrated",0,3
1332,I ate quite ab it of good food. Girlfriend made buffalo chicken dip we ate with romaine lettuce. It was delicious. Reasonably salient because it's healthy and we're both losing weight pretty quickly.,"happy, satisfied","excited, happy, satisfied",,excited,0,1
1337,I saw my friend Nick yesterday. We played video games together. It was fun. I was happy.,happy,"excited, happy, nostalgic",,"excited, nostalgic",0,2
1339,I was really happy about going to the gym to exercise. I wanted to take some time for me and take care of myself.,"excited, happy, proud","calm, happy, proud, satisfied",excited,"calm, satisfied",1,2
1340,"Earlier in the day I took my son for a well visit at his pediatrician and it went very well. He cooperated with the doctor and the nurse, and even said he had a fun time afterwards.",proud,"calm, happy, proud, satisfied, surprised",,"calm, happy, satisfied, surprised",0,4
1342,"I had taken and participated in a new excercise class, that primarily would target the whole body in addition to cardiovascular excercise. It was a difficult experience, but I managed to perform all the excercises to a great ability, without feeling overtly exhausted or sore. Afterwards, I felt empowered and happy for participating in class, feeling motivated to pursue similar experiences in the future.","happy, satisfied","anxious, excited, happy, proud, satisfied",,"anxious, excited, proud",0,3
1348,"I didn't lose my appetite. But I can only eat soft foods, especially the first day. So I was hungry and jealous of everyone around me eating normally.","afraid, jealous","anxious, frustrated","afraid, jealous","anxious, frustrated",2,2
1352,I bought a bunch of snack foods since I had to work late and miss dinner. I decided to buy some snack foods I hadn't eaten in a long time but have been favorites since childhood such as pretzels and peanut butter crackers.,"happy, nostalgic","frustrated, happy, proud, satisfied",nostalgic,"frustrated, proud, satisfied",1,3
1354,i like doing exercise to release stress,satisfied,"calm, proud, satisfied",,"calm, proud",0,2
1356,I got a bonus payment for december and i am very happy for that.,happy,"excited, happy, proud, satisfied",,"excited, proud, satisfied",0,3
1359,My back has been bothering me.  It has prevented me from getting a good night's sleep.,"anxious, awkward, frustrated","anxious, calm, frustrated, satisfied",awkward,"calm, satisfied",1,2
1363,I started knitting a hat yesterday. I made good progress on the ribbed part of the hat and I used my new needles. They're really nice.,"excited, happy","calm, happy, proud, satisfied",excited,"calm, proud, satisfied",1,3
1369,"I went for a nice job this morning, it got the blood flowing and made me feel alert.","excited, happy","calm, excited, nostalgic, proud, satisfied",happy,"calm, nostalgic, proud, satisfied",1,4
1370,"I finally got up and worked out yesterday after a couple of weeks of not being able to get back into it. It made me feel powerful and in control, and helped me get back on track with my workout routine.",satisfied,"calm, excited, happy, proud, satisfied",,"calm, excited, happy, proud",0,4
1378,I got to spend time outside walking with my wonderful girlfriend. I felt very loved and appreciated just by being with her.,proud,"excited, happy, proud, satisfied",,"excited, happy, satisfied",0,3
1379,The lights kinda disturbed us when they fell and our dog being scared.,confused,"calm, excited, happy, satisfied",confused,"calm, excited, happy, satisfied",1,4
1382,"After hearing the result from my relative, I need some time reflecting about myself. I prayed that she will be healed and I imagine how I feel when I am in her position. Maybe death won't be so bad because I can meet God then.","calm, satisfied","anxious, excited, frustrated, happy, proud, satisfied",calm,"anxious, excited, frustrated, happy, proud",1,5
1384,I talked with my son online in The Netherlands. It was good to see him again.,"excited, happy, proud","happy, proud, satisfied, surprised",excited,"satisfied, surprised",1,2
1386,"I slept in until almost noon. I never sleep that late, it was very surprising to me.","confused, surprised","calm, happy, satisfied, surprised",confused,"calm, happy, satisfied",1,3
1390,I am very thankful for my family. I am glad to be with them each day. It makes me think of all the things I cherish.,"calm, happy, nostalgic","calm, happy, proud, satisfied",nostalgic,"proud, satisfied",1,2
1393,At work it was a really slow day. I could not wait to get off and go home. There was too many things to do at my job. It was a really long tiring day.,"anxious, bored","anxious, bored, frustrated, satisfied",,"frustrated, satisfied",0,2
1398,I played some video games before work. I enjoyed myself. I gave me time to relax and have a good time.,"calm, happy","calm, happy, satisfied",,satisfied,0,1
1403,I really am angry with my 18 year old son right now.  I wish that he would stop abusing substances.  He moved out.  I'd like him back but only under certain conditions.,angry,"frustrated, happy, proud, sad",angry,"frustrated, happy, proud, sad",1,4
1407,"Although one might think pizza is not good for you, I basically stuck to my plan of trying to only eat once a day for the most part. I ate the pizza and then later I ate a banana with peanut butter. I was happy because I didn't over eat. I ate the right amount of food which made me happy.",proud,"excited, happy, satisfied",proud,"excited, happy, satisfied",1,3
1410,"After being with my boyfriend, I slept so good last night and I really needed the sleep as I hadn't had enough lately.","calm, satisfied","calm, happy, satisfied",,happy,0,1
1423,My brother just found out he has lung cancer. I have been doing research on things like alternative therapy along with chemo and radiation and sending him the info. This is my older brother who I haven't seen in probably 5 years. I am planning a trip to go see him soon.,"afraid, anxious, sad","excited, frustrated, happy, proud","afraid, anxious, sad","excited, frustrated, happy, proud",3,4
1424,"I always enjoy spending time with my good friends. Although I don't have a lot of friends, the ones I do have I am very close with. I enjoy their company. Being around them makes me feel good, and we usually always wind up laughing about something.","happy, satisfied","calm, excited, happy, proud, satisfied",,"calm, excited, proud",0,3
1430,I took up power walking two months ago and I've lost weight and feel great. This is one of the most important things I've done for myself in years.,calm,"calm, happy, proud, satisfied",,"happy, proud, satisfied",0,3
1435,"I began the morning with a cough, but remained calm and soon, it was an after thought.",calm,"calm, satisfied, surprised",,"satisfied, surprised",0,2
1439,Pissed sad mad and angry not knowing if they were going to ship my medicine out.,"angry, disgusted, frustrated","anxious, excited, frustrated, sad","angry, disgusted","anxious, excited, sad",2,3
1443,We were all home to enjoy a meal together. Its rare we get to with all different schedules. It was so good to talk and relax. We watched a movie and just hung out.,happy,"calm, happy, satisfied",,"calm, satisfied",0,2
1449,"my family is my everything, without my family motivating me and helping me through life i am nothing.","proud, satisfied","calm, happy, proud, satisfied",,"calm, happy",0,2
1453,I take pride in having a good relationship with my family members. This makes me feel like a good person.,"calm, happy, satisfied","calm, happy, proud, satisfied",,proud,0,1
1456,"I have been sick and not sleeping that well . I actually got to take a short nap, and it was fantastic!!","calm, happy, satisfied","calm, frustrated","happy, satisfied",frustrated,2,1
1458,I had been talking to someone who I had thought was a friend but they wound up telling lies. The friendship had turned quickly into something of a relationship more on their end and lies were told by me in order for them to send me money. I finally decided to tell them that I wanted to have the truth and honesty back which now has become very dramatic and time consuming. It is frustrating because they continue to play the victim despite the lies told by them and each conversation just goes in circles. I thought being honest was the best interest for the both of us but it seems to make things worse.I am frustrated that they do not see their wrong doings and due to me telling the truth they continue to bring up their hurt feelings and not acknowledging mine. I tried to block them and just stop speaking but was told to try and get more money from them which is what made things go horribly wrong but they did not even notice they were not even talking to me at all. They have personal information about me and keep using that as a weapon against me when all I want to do is either start over as friends as I intended or just stop communicating in whole.,frustrated,"anxious, excited, frustrated, happy, proud, sad, surprised",,"anxious, excited, happy, proud, sad, surprised",0,6
